,reward,episode_len
0,-799.6043963287957,502
1,-677.1789535041898,524
2,-780.6182378828526,585
3,-767.196958778426,531
4,-569.7127174655907,405
5,-740.4136702339165,395
