feature,r_ft
f0,0.11890035797127557
f1,-0.03081918496741281
f2,0.019682917083713964
f3,0.0032429996362483868
f4,0.025684017246781748
f5,-0.005073295346874025
f6,-0.021804123093774476
