feature,r_ft
f0,0.09537739386232308
f1,-0.031915374885934725
f2,0.008570437389912202
f3,-0.0030670332142820164
f4,0.025915025167622528
f5,-0.010504915916125039
f6,-0.008865140923752672
