feature,r_ft
f0,0.0884835829165083
f1,-0.030960025855202265
f2,0.0041673293865558654
f3,-0.00259375210241984
f4,0.025773485956091434
f5,-0.01111998413634167
f6,-0.004098951694133395
