feature,r_ft
f0,0.1089337897174785
f1,-0.031585358743911926
f2,0.015553030798841294
f3,0.0011409868799677407
f4,0.025820420342456303
f5,-0.007384937844560151
f6,-0.015212086455276148
