feature,r_ft
f0,0.16024847026388103
f1,-0.018884193192813467
f2,0.044826533401393545
f3,0.014733853176466204
f4,0.025606101368930767
f5,0.014573717811320379
f6,-0.029417512788833165
