feature,r_ft
f0,0.09101869814973285
f1,-0.03235101305962371
f2,0.005221282528816816
f3,-0.0025756713771243975
f4,0.0256313046517304
f5,-0.010867155743548566
f6,-0.006507562995044235
