feature,r_ft
f0,0.24447811044345158
f1,0.13218876236282673
f2,0.20252295354455863
f3,0.09993128863475795
f4,0.05066675568488757
f5,0.12001174023024164
f6,0.0366740086612809
