feature,r_ft
f0,0.0786144959925612
f1,-0.02837384279687313
f2,0.002115792742560518
f3,-0.0026906079418853594
f4,0.026884770873231812
f5,-0.007715081003018846
f6,0.0015568085286547478
