feature,r_ft
f0,0.20041921803302745
f1,-0.003056360451761917
f2,0.06814206998201758
f3,0.023458863019427484
f4,0.02240097621566002
f5,0.026463508415307244
f6,-0.024934220652238936
