feature,r_ft
f0,0.08026304211512444
f1,-0.02896594804328042
f2,0.0030869177672768634
f3,-0.003997630482278395
f4,0.027024377090867687
f5,-0.010322181371448169
f6,-0.0006221415037691278
