feature,r_ft
f0,0.12897381053692752
f1,-0.03110414069477477
f2,0.02423609903764376
f3,0.006809556681061546
f4,0.02571773878253325
f5,-0.0012906454431833967
f6,-0.02492424457509754
