feature,r_ft
f0,0.2529895915426625
f1,0.01717010504261691
f2,0.10555781335521464
f3,0.04816934903731139
f4,0.029597029121897187
f5,0.05013133298274311
f6,0.004274860865611166
