feature,r_ft
f0,0.14734934836142194
f1,-0.026505905634482883
f2,0.032023347253845605
f3,0.011449657108858766
f4,0.025549642617897522
f5,0.003998453459674371
f6,-0.02916199249639778
