feature,r_ft
f0,0.10221625816445146
f1,-0.03371129331765649
f2,0.00945829356441681
f3,-0.002633797072660241
f4,0.025763920706435725
f5,-0.0106172170042023
f6,-0.012045117828556313
