feature,weight
f0,0.08532236828096278
f1,0.12128315920043273
f2,0.11426240464745292
f3,0.1850537620208764
f4,0.1468028836963998
f5,0.19636025720098502
f6,0.1509151649528905
