feature,weight
f0,0.08604922884499053
f1,0.11957431276006583
f2,0.11138039521884285
f3,0.18706254457972243
f4,0.14820094621934138
f5,0.19900108923271875
f6,0.14873148314431822
