feature,weight
f0,0.08889732841829942
f1,0.1205689539698184
f2,0.11525775223118753
f3,0.186871990614232
f4,0.14938968117026838
f5,0.1907410553007914
f6,0.14827323829540284
