feature,weight
f0,0.08705081643833606
f1,0.1272628042686094
f2,0.12230379478223644
f3,0.18145235336083634
f4,0.1445697084825244
f5,0.18897182025756737
f6,0.14838870240989005
