feature,weight
f0,0.0846623782191831
f1,0.13021718944631097
f2,0.12343155295464774
f3,0.17992592054326242
f4,0.14411306105318866
f5,0.18809373711758492
f6,0.14955616066582222
