feature,weight
f0,0.08995934653574607
f1,0.12342490923633163
f2,0.11833811170210351
f3,0.1842451887415648
f4,0.1465810015504213
f5,0.18936416993713487
f6,0.14808727229669771
