feature,weight
f0,0.08584683377407976
f1,0.12891549016061643
f2,0.12295638665207008
f3,0.18049119127316796
f4,0.1444010451251052
f5,0.1885278025145386
f6,0.148861250500422
