feature,weight
f0,0.09347836083962441
f1,0.11970134833874876
f2,0.10806580266515363
f3,0.18337466331274482
f4,0.14418854968053055
f5,0.20155221189471334
f6,0.14963906326848445
