feature,weight
f0,0.0948156576925886
f1,0.11883939929333158
f2,0.10741989896401498
f3,0.17879475011057241
f4,0.14727207735434986
f5,0.2010009874222856
f6,0.15185722916285713
