feature,weight
f0,0.08756704434976578
f1,0.13036155272269445
f2,0.12316036820023595
f3,0.18057210092727732
f4,0.14474508968941968
f5,0.18260491615618965
f6,0.15098892795441723
