feature,weight
f0,0.08700847420758358
f1,0.1311079370734996
f2,0.12384923720584423
f3,0.18006482745009947
f4,0.14421217365188324
f5,0.18381068807027326
f6,0.1499466623408167
