feature,weight
f0,0.10241146311044874
f1,0.12057506488456855
f2,0.10890169455028555
f3,0.17956500121459967
f4,0.14232903287928042
f5,0.19180566942278995
f6,0.15441207393802697
