feature,weight
f0,0.08983716293769083
f1,0.12220151213825857
f2,0.11738068974234833
f3,0.18561644270823338
f4,0.14742651984103247
f5,0.1892324198019825
f6,0.148305252830454
