feature,weight
f0,0.08929465078276043
f1,0.12516545733631698
f2,0.12030858176847305
f3,0.18298021436158135
f4,0.14505711589977008
f5,0.18947633425626623
f6,0.14771764559483186
