rank,idx,feature,r_ft,abs_r_ft
1,0,f0,0.06968446097840003,0.06968446097840003
2,3,f3,-0.03942780142865923,0.03942780142865923
3,5,f5,-0.029721351947100363,0.029721351947100363
4,1,f1,-0.02790736596582251,0.02790736596582251
5,2,f2,-0.012127872844984407,0.012127872844984407
6,6,f6,0.0013713146326616286,0.0013713146326616286
7,4,f4,0.0,0.0
