feature,r_ft
f0,0.02569908385692046
f1,-0.015799763729424394
f2,-0.010203774736072027
f3,-0.040601956443555756
f4,0.0
f5,-0.022373134802544273
f6,-0.0002192810262964085
