feature,r_ft
f0,0.028527410900043546
f1,-0.015007660335141204
f2,-0.008277958663952546
f3,-0.03864347322357139
f4,0.0
f5,-0.024314518537020068
f6,0.0015981047074882255
