feature,r_ft
f0,0.03338124561649668
f1,-0.01643606748302742
f2,-0.008334367826737249
f3,-0.03681473072297778
f4,0.0
f5,-0.027531938562508948
f6,0.0017344154097695959
