feature,r_ft
f0,0.02988436834570462
f1,-0.017657493736694733
f2,-0.01060332428196627
f3,-0.038367008465440784
f4,0.0
f5,-0.024205173010162097
f6,0.0006922138277968798
