feature,r_ft
f0,0.06283060237942642
f1,-0.027306316861264165
f2,-0.01189176393732981
f3,-0.03484322648962706
f4,0.0
f5,-0.02899720161623242
f6,0.0017052079412938335
