feature,r_ft
f0,0.04705610075757386
f1,-0.023483755548017418
f2,-0.0117944880226254
f3,-0.03787965393118385
f4,0.0
f5,-0.03005400630229069
f6,0.0017363785425829467
