feature,r_ft
f0,0.19881088927934512
f1,-0.06000538115309625
f2,-0.021662393457302354
f3,-0.03194248227414047
f4,0.00018561831154113222
f5,-0.039400143300843744
f6,-0.0039710581068201235
