feature,r_ft
f0,0.057212084134907006
f1,-0.028360430537393573
f2,-0.01484601435209772
f3,-0.036312231555023694
f4,0.0
f5,-0.030720090070462905
f6,0.0016792131546499148
