feature,r_ft
f0,0.02947498918935624
f1,-0.016912934054305957
f2,-0.010954412441053664
f3,-0.03552868680986908
f4,0.0
f5,-0.02574704780140045
f6,-3.160989174528291e-05
