feature,r_ft
f0,0.035987946353997775
f1,-0.01955612835474304
f2,-0.010040048606120197
f3,-0.036453541094350894
f4,0.0
f5,-0.027477207750798465
f6,0.002161943156216458
