feature,r_ft
f0,0.029739373343485406
f1,-0.018425866290913657
f2,-0.011735245097084094
f3,-0.03638769752391313
f4,0.0
f5,-0.025796987384548588
f6,-8.949756794925572e-06
