feature,r_ft
f0,0.06968446097840003
f1,-0.02790736596582251
f2,-0.012127872844984407
f3,-0.03942780142865923
f4,0.0
f5,-0.029721351947100363
f6,0.0013713146326616286
