feature,r_ft
f0,0.08869498669479974
f1,-0.036099617484434444
f2,-0.015674319561945337
f3,-0.03492932045840171
f4,-0.0011303725421129755
f5,-0.035284056820341594
f6,0.0009066748376875254
