feature,weight
f0,0.19478889616980055
f1,0.15251510491534287
f2,0.13735253325459146
f3,0.15151723397602224
f4,0.0
f5,0.2113363342580065
f6,0.1524898974262363
