rank,idx,feature,weight
1,5,f5,0.20706358808614492
2,0,f0,0.1877189960952996
3,3,f3,0.16818797730589835
4,6,f6,0.15079236452206154
5,1,f1,0.15063342763761042
6,2,f2,0.1356036463529852
7,4,f4,0.0
