feature,weight
f0,0.18831215629645254
f1,0.1522030231557628
f2,0.13638650680760167
f3,0.16804805483584573
f4,0.0
f5,0.20449092324369586
f6,0.1505593356606416
