feature,weight
f0,0.1885438638866122
f1,0.15246880300375568
f2,0.13537939350245315
f3,0.16505100120400437
f4,0.0
f5,0.20812750299371416
f6,0.15042943540946033
