feature,weight
f0,0.1871409274133204
f1,0.1516939720341103
f2,0.13447783524229115
f3,0.16401762456284746
f4,0.0
f5,0.21223517800489214
f6,0.1504344627425385
