feature,weight
f0,0.20908799539948236
f1,0.15802806236297587
f2,0.1428126943859507
f3,0.11645777759902665
f4,0.0
f5,0.2170464887927463
f6,0.1565669814598182
