feature,weight
f0,0.18758029156732156
f1,0.15188044712573603
f2,0.13620947980286593
f3,0.1702907138699609
f4,0.0
f5,0.20349229196786428
f6,0.15054677566625121
