feature,weight
f0,0.06267229479388156
f1,0.13693391923629453
f2,0.1330071540655176
f3,0.17231329582320148
f4,0.14692861568687324
f5,0.19185338378715278
f6,0.1562913366070789
