feature,weight
f0,0.06870623852924138
f1,0.1351965420148557
f2,0.13097085381175932
f3,0.16677583955985448
f4,0.14642032825013748
f5,0.1851276680572548
f6,0.1668025297768969
