feature,weight
f0,0.1784225991081109
f1,0.14361601960929687
f2,0.13125562874778596
f3,0.1716177469121629
f4,0.0
f5,0.22404933899680898
f6,0.15103866662583446
