feature,weight
f0,0.08577915722255548
f1,0.12625092661263373
f2,0.11929309418548685
f3,0.17756441534338585
f4,0.14307519591421206
f5,0.18945323725285154
f6,0.15858397346887448
