feature,weight
f0,0.18240908232516315
f1,0.14690890159861372
f2,0.13342467991487386
f3,0.17174672598581006
f4,0.0
f5,0.21533124174390117
f6,0.15017936843163818
