feature,weight
f0,0.19066066581049143
f1,0.15078122734284113
f2,0.1352125042563332
f3,0.16003207450325893
f4,0.0
f5,0.2117277450780335
f6,0.1515857830090419
