rank,idx,feature,weight
1,5,f5,0.2117277450780335
2,0,f0,0.19066066581049143
3,3,f3,0.16003207450325893
4,6,f6,0.1515857830090419
5,1,f1,0.15078122734284113
6,2,f2,0.1352125042563332
7,4,f4,0.0
