feature,weight
f0,0.1877189960952996
f1,0.15063342763761042
f2,0.1356036463529852
f3,0.16818797730589835
f4,0.0
f5,0.20706358808614492
f6,0.15079236452206154
