feature,weight
f0,0.220685177517281
f1,0.16425935197910432
f2,0.14846529948979478
f3,0.0808265187496835
f4,0.0
f5,0.2240126045629789
f6,0.16175104770115747
