,rewards_per_run_RecurrentPPO_MlpLstmPolicy,episode_lenghts_RecurrentPPO_MlpLstmPolicy
0,-22.6068362519145,42
1,-3.7792572900652885,37
2,-6.468943513929844,64
3,-5.23739505559206,64
4,-8.071042489260435,110
5,-2.203216228634119,38
6,-2.9727772437036037,50
7,-5.869940105825663,96
8,-2.3406981602311134,40
9,-2.432105027139187,41
