,reward,episode_len
0,-176.33783818781376,241
1,-115.66008044406772,241
2,-104.8569582849741,241
3,-121.22520013898611,241
4,-176.34791676327586,241
5,-153.8973622098565,241
