,reward,episode_len
0,-40.43900715187192,429
1,-14.729276154190302,395
2,-16.217667184770107,425
3,-16.03036045655608,416
4,-15.294725216925144,395
5,-12.93305441364646,334
6,-19.096560012549162,490
7,-19.57190889492631,500
8,-19.647193733602762,500
9,-14.892036136239767,379
10,-14.015698175877333,357
11,-13.133824963122606,335
12,-18.22269155085087,464
13,-14.923291400074959,380
14,-19.67815151065588,500
