,reward,episode_len
0,-0.07592000129322211,2.8333333333333335
1,-0.07704000112911065,2.8333333333333335
2,-0.07200000124673049,2.6666666666666665
