feature,r_ft
f0,0.33514170336930493
f1,0.03524955269365994
f2,0.012737528282951167
f3,-0.021379557254880478
f4,0.008940585770892406
f5,0.04650298730457032
f6,-0.03749922030139834
