feature,r_ft
f0,0.28389158315990637
f1,0.029106551920781223
f2,0.01445213674686819
f3,-0.021293621243350467
f4,0.003774633929392138
f5,0.061556224341108474
f6,-0.02613418881149908
