feature,weight
f0,0.09851726207900173
f1,0.12764822842164672
f2,0.11994727113539785
f3,0.17218694331027448
f4,0.1389741550641163
f5,0.18095588481639366
f6,0.16177025517316926
