feature,weight
f0,0.09490071409106568
f1,0.12336932789261752
f2,0.1336945248650967
f3,0.16428091589097868
f4,0.14346944024949135
f5,0.17753299131704584
f6,0.16275208569370414
