feature,r_ft
f0,0.1642949579625305
f1,-0.21094686729526146
f2,-0.12837416929358655
f3,-0.03503255925239676
f4,0.0
f5,-0.06043368224083536
f6,-0.02324631457347227
