feature,r_ft
f0,0.15593690634593116
f1,-0.20857567273719987
f2,-0.12749459481797898
f3,-0.015420845227676548
f4,0.0
f5,-0.06905071179371262
f6,-0.029008361229493764
