feature,r_ft
f0,0.18483121614117645
f1,-0.2086437244668911
f2,-0.1317563574818317
f3,-0.062237716591411654
f4,0.0
f5,-0.054347713621734406
f6,-0.025196054276622748
