feature,r_ft
f0,0.19112741667768887
f1,-0.21655611089511315
f2,-0.1326196372287112
f3,-0.044228150157481425
f4,0.0
f5,-0.05785874024900497
f6,-0.023982780259896083
