feature,r_ft
f0,0.15014387022073405
f1,-0.21050055862760214
f2,-0.1306797344663389
f3,-0.014580633234210749
f4,0.0
f5,-0.07571143441607688
f6,-0.026609659759493177
