feature,r_ft
f0,0.15425282356326792
f1,-0.21044199809221345
f2,-0.12974997420000747
f3,-0.023738270539325604
f4,0.0
f5,-0.06297800648825856
f6,-0.026533831079026078
