feature,r_ft
f0,0.19221233942066845
f1,-0.219024513568218
f2,-0.1321138453944376
f3,-0.039613305071287346
f4,0.0
f5,-0.05754243986040076
f6,-0.0219049556941165
