feature,r_ft
f0,0.19075483679367294
f1,-0.22064409954837325
f2,-0.13299288275393592
f3,-0.03889649665595124
f4,0.0
f5,-0.05943588739597941
f6,-0.022089267241237314
