feature,r_ft
f0,0.18613921718872825
f1,-0.21117174811711265
f2,-0.1318532033555751
f3,-0.05619752544772852
f4,0.0
f5,-0.05621444726921034
f6,-0.025244769330078208
