feature,r_ft
f0,0.1701441982956971
f1,-0.21564475798401792
f2,-0.1301912192585447
f3,-0.0353670054793346
f4,0.0
f5,-0.060953934838226406
f6,-0.02450118624744764
