feature,r_ft
f0,0.18841575102068436
f1,-0.21270621954313468
f2,-0.13144740684538625
f3,-0.04957285670095842
f4,0.0
f5,-0.05593939091940122
f6,-0.024868862714252
