feature,r_ft
f0,0.15260215058378993
f1,-0.21617423217391207
f2,-0.13210991550911538
f3,-0.01401855848210008
f4,-0.003905429006138472
f5,-0.08951606019807619
f6,-0.02718222454790157
