feature,r_ft
f0,0.16181995004656116
f1,-0.22050330303253787
f2,-0.12602039647653923
f3,-0.011854614798628408
f4,-0.008948835668812289
f5,-0.12045758530021616
f6,-0.024005695062740154
