feature,r_ft
f0,0.18196984529093146
f1,-0.21739495002831663
f2,-0.13094511884781465
f3,-0.03625062094738163
f4,0.0
f5,-0.06013910877260781
f6,-0.02293214724106832
