feature,weight
f0,0.0747425970515263
f1,0.13548417423808418
f2,0.13156403962848628
f3,0.16909321125387838
f4,0.14424094032563078
f5,0.18625126059978084
f6,0.1586237769026132
