feature,weight
f0,0.19317629542671824
f1,0.14596847620912665
f2,0.13665939127599624
f3,0.15210974114765716
f4,0.0
f5,0.21831390712558288
f6,0.15377218881491866
