rank,idx,feature,weight
1,5,f5,0.22130901062473435
2,0,f0,0.1806157846250566
3,3,f3,0.1733163949155761
4,6,f6,0.1524296743130236
5,1,f1,0.1391815007725393
6,2,f2,0.13314763474907013
7,4,f4,0.0
