feature,weight
f0,0.20020904036172193
f1,0.14514504861638242
f2,0.13847570306641083
f3,0.14413875497080172
f4,0.0
f5,0.21485692123452135
f6,0.15717453175016186
