feature,weight
f0,0.19966733591031907
f1,0.14549390371550683
f2,0.1382758329593066
f3,0.14434121876151793
f4,0.0
f5,0.21673680736118908
f6,0.15548490129216044
