feature,weight
f0,0.1853735953747425
f1,0.14455348045133842
f2,0.1350723275318676
f3,0.16577482569010357
f4,0.0
f5,0.21690744330638356
f6,0.1523183276455643
