feature,weight
f0,0.21675701647228854
f1,0.14864019718012872
f2,0.14266945443076778
f3,0.11908830143378409
f4,0.0
f5,0.21195800637716775
f6,0.16088702410586314
