feature,weight
f0,0.19569763613830446
f1,0.1462361504647062
f2,0.13803559069234733
f3,0.1489259010915317
f4,0.0
f5,0.2158869332492693
f6,0.155217788363841
