feature,weight
f0,0.08951608458670304
f1,0.12214934211461928
f2,0.12807198979135548
f3,0.16810371468538954
f4,0.14162494218273583
f5,0.19474443657730028
f6,0.15578949006189666
