feature,weight
f0,0.19078048988052115
f1,0.14459282765506068
f2,0.13503150929342456
f3,0.15581462680786345
f4,0.0
f5,0.2202136854789703
f6,0.15356686088415988
