feature,weight
f0,0.20928215917547097
f1,0.14718053039229095
f2,0.14095665916440844
f3,0.13295344739968054
f4,0.0
f5,0.21073555928630755
f6,0.1588916445818415
