feature,weight
f0,0.2038326392889299
f1,0.14619036897176688
f2,0.13992514984350182
f3,0.14005928124165584
f4,0.0
f5,0.21146899332079125
f6,0.15852356733335426
