feature,weight
f0,0.18249637824283174
f1,0.14333775637516832
f2,0.1348957433371964
f3,0.17098970849555126
f4,0.0
f5,0.2164663977821888
f6,0.1518140157670636
