feature,weight
f0,0.22270331819120176
f1,0.1506695241091907
f2,0.14457192627308071
f3,0.10711508670471949
f4,0.0
f5,0.20973429447724237
f6,0.16520585024456497
