feature,weight
f0,0.1806157846250566
f1,0.1391815007725393
f2,0.13314763474907013
f3,0.1733163949155761
f4,0.0
f5,0.22130901062473435
f6,0.1524296743130236
