,reward,episode_len
0,-1356.5246402281336,1302
1,-1308.5215213382617,1302
2,-906.662635746412,1306
3,-1017.5697569916956,991
4,-1026.4231155100279,1179
5,-1523.52648088336,1530
6,-1223.6157562099397,1261
7,-1427.068080115132,1292
8,-337.1707185129635,606
9,-1072.080958919134,1022
