,reward,episode_len
0,-73.45608051121235,241
1,-69.61895986646414,241
2,-73.71528027579188,241
3,-72.9765601940453,241
4,-72.65064045414329,241
5,-72.37343989126384,241
