,reward,episode_len
0,-143.39019995493194,195.83333333333334
