,reward,episode_len
0,-143.39019995493194,195.83333333333334
1,-42.59728003727893,103.83333333333333
2,-240.85995990208662,350.8333333333333
3,-103.00519996819396,212.16666666666666
4,-18.48532005135591,65.33333333333333
5,-5.621679997071624,33.333333333333336
