rank,idx,feature,r_ft,abs_r_ft
1,0,f0,0.08041367762809656,0.08041367762809656
2,1,f1,0.00061164412935919,0.00061164412935919
