rank,idx,feature,r_ft,abs_r_ft
1,0,f0,0.06061425543612255,0.06061425543612255
2,1,f1,-0.006588605760689033,0.006588605760689033
