rank,idx,feature,r_ft,abs_r_ft
1,0,f0,0.1040668031837795,0.1040668031837795
2,1,f1,0.013766819847735656,0.013766819847735656
