rank,idx,feature,r_ft,abs_r_ft
1,0,f0,0.06483367464707084,0.06483367464707084
2,1,f1,-0.006932425191782413,0.006932425191782413
