rank,idx,feature,r_ft,abs_r_ft
1,0,f0,0.13520496822525055,0.13520496822525055
2,1,f1,0.04295471126232342,0.04295471126232342
