rank,idx,feature,r_ft,abs_r_ft
1,0,f0,0.15535942091201194,0.15535942091201194
2,1,f1,0.09198612023995535,0.09198612023995535
