rank,idx,feature,r_ft,abs_r_ft
1,0,f0,0.1205624728274114,0.1205624728274114
2,1,f1,0.02522981279436824,0.02522981279436824
