rank,idx,feature,r_ft,abs_r_ft
1,0,f0,0.07626950296721538,0.07626950296721538
2,1,f1,-0.0020596757022854823,0.0020596757022854823
