rank,idx,feature,r_ft,abs_r_ft
1,0,f0,0.06003303917696818,0.06003303917696818
2,1,f1,-0.0050491084345329704,0.0050491084345329704
