rank,idx,feature,r_ft,abs_r_ft
1,0,f0,0.07595659467252464,0.07595659467252464
2,1,f1,-0.005672974484384489,0.005672974484384489
