rank,idx,feature,r_ft,abs_r_ft
1,0,f0,0.09726038198374012,0.09726038198374012
2,1,f1,0.006325249126368822,0.006325249126368822
