rank,idx,feature,r_ft,abs_r_ft
1,0,f0,0.23106176544974058,0.23106176544974058
2,1,f1,0.204773729919147,0.204773729919147
