rank,idx,feature,r_ft,abs_r_ft
1,0,f0,0.0874168294424282,0.0874168294424282
2,1,f1,-0.001387915219593273,0.001387915219593273
