rank,idx,feature,r_ft,abs_r_ft
1,0,f0,0.07012972396270943,0.07012972396270943
2,1,f1,-0.007531307364997116,0.007531307364997116
