feature,r_ft
f0,0.18817758795703401
f1,-0.02737847751235076
f2,-0.03228470356183777
f3,-0.03061982122133419
f4,0.0
f5,-0.03361642585349361
f6,0.0062921552929777885
