feature,r_ft
f0,0.20119997516943133
f1,-0.027344393608449716
f2,-0.030709895506224685
f3,-0.029952743089407746
f4,-0.005526900413217338
f5,-0.030384574755997398
f6,0.007395956228090313
