feature,r_ft
f0,0.06483367464707084
f1,-0.006932425191782413
