feature,r_ft
f0,0.21262219036411925
f1,-0.025393957938059448
f2,-0.026683139771701652
f3,-0.027912136593048666
f4,-0.004930499532893219
f5,-0.028888832968273572
f6,0.007975393099522247
