feature,r_ft
f0,0.07012972396270943
f1,-0.007531307364997116
