feature,r_ft
f0,0.1205624728274114
f1,0.02522981279436824
