feature,r_ft
f0,0.06003303917696818
f1,-0.0050491084345329704
