feature,r_ft
f0,0.20581587406122118
f1,-0.027009019107704087
f2,-0.028093037857356472
f3,-0.030237007241097322
f4,-0.005218624823877458
f5,-0.028670706873812835
f6,0.008548396144919626
