feature,r_ft
f0,0.07626950296721538
f1,-0.0020596757022854823
