feature,r_ft
f0,0.0874168294424282
f1,-0.001387915219593273
