feature,r_ft
f0,0.15535942091201194
f1,0.09198612023995535
