feature,r_ft
f0,0.2332319143279131
f1,-0.030979176894028036
f2,-0.020329376093236182
f3,-0.03253851564428298
f4,-0.003230456712814904
f5,-0.03962642420262866
f6,-0.002354356090588108
