feature,r_ft
f0,0.06061425543612255
f1,-0.006588605760689033
