feature,r_ft
f0,0.23106176544974058
f1,0.204773729919147
