feature,r_ft
f0,0.08041367762809656
f1,0.00061164412935919
