feature,r_ft
f0,0.13520496822525055
f1,0.04295471126232342
