feature,r_ft
f0,0.19425873309650715
f1,-0.02717277376656281
f2,-0.03074183303195714
f3,-0.02987086332127888
f4,0.0
f5,-0.03164703136644458
f6,0.007007481500047844
