feature,r_ft
f0,0.1040668031837795
f1,0.013766819847735656
