feature,r_ft
f0,0.21610939853967273
f1,-0.02591369224426347
f2,-0.024791058453198764
f3,-0.029188898853637842
f4,-0.004633992538993062
f5,-0.03258151446029724
f6,0.006117916130047901
