feature,r_ft
f0,0.23976251447903746
f1,-0.032959873530993423
f2,-0.016745060477762697
f3,-0.03074347819952853
f4,-0.001541700267119237
f5,-0.043632824111480284
f6,-0.019189330394996776
