feature,r_ft
f0,0.2440888077158725
f1,-0.030763573770894368
f2,-0.015359182622145817
f3,-0.03126023294826417
f4,-0.0026964962218059005
f5,-0.04303263087858526
f6,-0.007277847938076398
