feature,r_ft
f0,0.07595659467252464
f1,-0.005672974484384489
