feature,r_ft
f0,0.09726038198374012
f1,0.006325249126368822
