feature,r_ft
f0,0.22315641105904166
f1,-0.0266144585662514
f2,-0.024944423171293622
f3,-0.029863410809911006
f4,-0.004347001843566017
f5,-0.03517866802973394
f6,0.006951289992523061
