feature,r_ft
f0,0.23245010040043823
f1,-0.031339191960996764
f2,-0.022580212067157872
f3,-0.032821618609177004
f4,-0.0036860701511376276
f5,-0.03786209480275459
f6,0.003928325356577722
