feature,r_ft
f0,0.2199834704611371
f1,-0.029208257709448907
f2,-0.02461259300093393
f3,-0.03160671689753618
f4,-0.004046665692406704
f5,-0.035020339476497124
f6,0.006101605540124946
