feature,r_ft
f0,0.30586049399257453
f1,-0.013864134659982244
f2,-0.007755385008745733
f3,-0.017837498375934735
f4,0.001515789861634632
f5,-0.030769962294240477
f6,-0.030173740721094505
