feature,weight
f0,0.5000001896608185
f1,0.4999998103391815
