rank,idx,feature,weight
1,1,f1,0.500000221266445
2,0,f0,0.49999977873355494
