rank,idx,feature,weight
1,1,f1,0.5000001369779092
2,0,f0,0.4999998630220908
