rank,idx,feature,weight
1,0,f0,0.5000001896608185
2,1,f1,0.4999998103391815
