feature,weight
f0,0.19010642325292412
f1,0.17790157215020258
f2,0.134709341373051
f3,0.15699928230033158
f4,0.0
f5,0.18902736022180447
f6,0.15125602070168614
