feature,weight
f0,0.5000003898544351
f1,0.49999961014556493
