feature,weight
f0,0.07722283199090649
f1,0.14427814948657372
f2,0.1298381353852352
f3,0.18592090273658848
f4,0.1484692803034205
f5,0.1711352924638948
f6,0.1431354076333808
