feature,weight
f0,0.09063486074597607
f1,0.12274039141232902
f2,0.11620669809863446
f3,0.18585270650870012
f4,0.1499021031888445
f5,0.18800755316209283
f6,0.14665568688342312
