feature,weight
f0,0.49999977873355494
f1,0.500000221266445
