feature,weight
f0,0.5000002318040544
f1,0.49999976819594555
