feature,weight
f0,0.49999987355946146
f1,0.5000001264405385
