feature,weight
f0,0.4999999473168635
f1,0.5000000526831365
