feature,weight
f0,0.5000000526834634
f1,0.4999999473165366
