rank,idx,feature,weight
1,0,f0,0.5000002318040544
2,1,f1,0.49999976819594555
