feature,weight
f0,0.08038979901355944
f1,0.1418534377426949
f2,0.12889876697802036
f3,0.18513263712213332
f4,0.14802449860533962
f5,0.17091604431162025
f6,0.14478481622663206
