feature,weight
f0,0.4999998630220908
f1,0.5000001369779092
