feature,weight
f0,0.08339957648762718
f1,0.13944211329420042
f2,0.12833530128743623
f3,0.18450644021524293
f4,0.14754054299349345
f5,0.16991878725610687
f6,0.1468572384658929
