feature,weight
f0,0.4999999683904925
f1,0.5000000316095076
