rank,idx,feature,weight
1,1,f1,0.5000000421468475
2,0,f0,0.4999999578531526
