rank,idx,feature,weight
1,0,f0,0.5000000526834634
2,1,f1,0.4999999473165366
