feature,weight
f0,0.08607818769306923
f1,0.13761502797007788
f2,0.1276745584873572
f3,0.18267350275157804
f4,0.1485052498007898
f5,0.17069479216947958
f6,0.14675868112764828
