feature,weight
f0,0.4999998524793952
f1,0.5000001475206048
