feature,weight
f0,0.1067881682540408
f1,0.12397488935614158
f2,0.11855757518668665
f3,0.17401265553344689
f4,0.15206721469210216
f5,0.17708186337043233
f6,0.1475176336071498
