rank,idx,feature,weight
1,1,f1,0.5000000421468492
2,0,f0,0.49999995785315077
