rank,idx,feature,weight
1,5,f5,0.18800755316209283
2,3,f3,0.18585270650870012
3,4,f4,0.1499021031888445
4,6,f6,0.14665568688342312
5,1,f1,0.12274039141232902
6,2,f2,0.11620669809863446
7,0,f0,0.09063486074597607
