rank,idx,feature,weight
1,1,f1,0.5000001264405385
2,0,f0,0.49999987355946146
