rank,idx,feature,weight
1,1,f1,0.5000001475206048
2,0,f0,0.4999998524793952
