rank,idx,feature,weight
1,1,f1,0.5000000632202711
2,0,f0,0.49999993677972887
