feature,weight
f0,0.08157042154197773
f1,0.11985431542031282
f2,0.11104251327118496
f3,0.1884232110736635
f4,0.1499307407889854
f5,0.1983197327109673
f6,0.15085906519290831
