feature,weight
f0,0.09280611795955407
f1,0.13357449582140082
f2,0.1248469848993726
f3,0.17950543288391926
f4,0.15022809898339234
f5,0.1726019493679059
f6,0.14643692008445497
