feature,weight
f0,0.19033653650177723
f1,0.17973921033155582
f2,0.13430849640257841
f3,0.15536427938692718
f4,0.0
f5,0.18933255860468254
f6,0.15091891877247884
