feature,weight
f0,0.10183412018329342
f1,0.12996281325967668
f2,0.12228528336591978
f3,0.17381467875397988
f4,0.1518884567690155
f5,0.1712740435505846
f6,0.14894060411753024
