rank,idx,feature,weight
1,1,f1,0.5000000316095076
2,0,f0,0.4999999683904925
