rank,idx,feature,weight
1,1,f1,0.5000000526831365
2,0,f0,0.4999999473168635
