feature,weight
f0,0.07322402365126389
f1,0.14796416102411278
f2,0.1313239714237913
f3,0.18619496164008828
f4,0.14826699993287815
f5,0.17057562581447014
f6,0.14245025651339552
