feature,weight
f0,0.06993816511252259
f1,0.1499252903905377
f2,0.13188799697702094
f3,0.18615120233371188
f4,0.14847544947710342
f5,0.17088037567102335
f6,0.14274152003808016
