feature,weight
f0,0.4999999578531526
f1,0.5000000421468475
