feature,weight
f0,0.4999999683914434
f1,0.5000000316085565
