rank,idx,feature,weight
1,0,f0,0.5000003898544351
2,1,f1,0.49999961014556493
