feature,weight
f0,0.49999995785315077
f1,0.5000000421468492
