feature,weight
f0,0.49999993677972887
f1,0.5000000632202711
