feature,weight
f0,0.14285714285714285
f1,0.14285714285714285
f2,0.14285714285714285
f3,0.14285714285714285
f4,0.14285714285714285
f5,0.14285714285714285
f6,0.14285714285714285
