feature,r_ft
f0,0.1592327308982401
f1,-0.041511192017758256
f2,-0.021534620437663014
f3,-0.028697299521338086
f4,-0.006267510151348926
f5,-0.008190873933562388
f6,0.002146881594647096
