feature,r_ft
f0,0.15509133936667222
f1,-0.04864381947122628
f2,-0.02769352404536846
f3,-0.030728657569545594
f4,-0.0077697494721324836
f5,-0.018862029023795218
f6,0.0014772550204095014
