feature,r_ft
f0,0.15385890125946952
f1,0.06649512507749641
f2,0.039520741988060916
f3,-0.003407503003501973
f4,-0.009321725689235828
f5,0.05860791797579702
f6,-0.022354326014460708
