feature,r_ft
f0,0.1444814907937315
f1,-0.04981323237527179
f2,-0.0376702507031706
f3,-0.03576223800338693
f4,-0.010175763385510959
f5,-0.022668564999017576
f6,0.000705411348377095
