feature,r_ft
f0,0.1661442149121275
f1,-0.03103797773430686
f2,-0.01681784574088521
f3,-0.03127010468592174
f4,-0.008374829268644517
f5,-0.0001250369479932953
f6,0.0017596902082390917
