feature,r_ft
f0,0.1577873352099287
f1,-0.051051963942071094
f2,-0.030759479539900516
f3,-0.03324120609653877
f4,-0.008606735496209324
f5,-0.020866696545588963
f6,0.0011510695201345656
