feature,r_ft
f0,0.16538508812319092
f1,0.10173816652602852
f2,0.06535784079324267
f3,0.0006250533213968611
f4,-0.010513313005560855
f5,0.08067592003774841
f6,-0.03415230450335762
