feature,r_ft
f0,0.16725570617873384
f1,0.01669032287267793
f2,0.007085322521740575
f3,-0.020008939860055162
f4,-0.005698357485320867
f5,0.03256684004642787
f6,-0.009227237906035036
