feature,r_ft
f0,0.15363615555279378
f1,-0.052409791655421964
f2,-0.036842371568400284
f3,-0.03584874423983261
f4,-0.009956565656363266
f5,-0.02625019276875546
f6,-0.00017919562951446602
