feature,r_ft
f0,0.15432875886231553
f1,-0.04327737485587715
f2,-0.02380528637327919
f3,-0.029571387151350912
f4,-0.006592813970692208
f5,-0.01077765287671176
f6,0.0038800536716268852
