feature,r_ft
f0,0.17211104097435984
f1,-0.018143107028671175
f2,-0.010100547582967752
f3,-0.032692770217005
f4,-0.009521303326917887
f5,0.01291224519346675
f6,-0.003629574467544694
