feature,r_ft
f0,0.1554320139201015
f1,-0.05105238354694644
f2,-0.034193718148062234
f3,-0.03595924397758738
f4,-0.0094354991112261
f5,-0.023376954829957237
f6,0.00035430279821520473
