feature,r_ft
f0,0.1552805278080176
f1,-0.04511296813068229
f2,-0.026046972292791556
f3,-0.03001501644141562
f4,-0.00721861903016863
f5,-0.015836271956467852
f6,0.002520839344249719
