feature,weight
f0,0.08458127759130862
f1,0.1241002440075623
f2,0.1170830965624923
f3,0.17345189970580172
f4,0.14423624807129976
f5,0.2029453754434615
f6,0.15360185861807377
