feature,weight
f0,0.08172991567706445
f1,0.1213713190343762
f2,0.11705643288406042
f3,0.17549410039891006
f4,0.14605506924197276
f5,0.20231100156112405
f6,0.15598216120249214
