feature,weight
f0,0.09729974950586019
f1,0.11527808407922224
f2,0.11912144141651797
f3,0.17203393051804527
f4,0.14170685477338865
f5,0.19747727171525797
f6,0.1570826679917079
