feature,weight
f0,0.08498776044161499
f1,0.12736529510890787
f2,0.11861841946677325
f3,0.1711389634929393
f4,0.14390275436624533
f5,0.20296604584775113
f6,0.15102076127576827
