feature,weight
f0,0.08711592976811448
f1,0.12545062102538887
f2,0.11651140085231787
f3,0.17142167594966437
f4,0.14419099301022037
f5,0.20284555949759364
f6,0.15246381989670033
