feature,weight
f0,0.08786173677292701
f1,0.11871590191638974
f2,0.11703820020996232
f3,0.17469448733453513
f4,0.1460379982207931
f5,0.19816835347224948
f6,0.15748332207314317
