feature,weight
f0,0.08465854664173714
f1,0.12868947358816712
f2,0.11968666019732063
f3,0.17228379510658098
f4,0.14392160078314017
f5,0.19618965227213686
f6,0.15457027141091706
