feature,weight
f0,0.10326491363354004
f1,0.11644356353964373
f2,0.12250631037794767
f3,0.17409852544101048
f4,0.13644394402820656
f5,0.18880524323501818
f6,0.15843749974463334
