feature,weight
f0,0.0860254003853583
f1,0.12747764578993895
f2,0.11904246700710866
f3,0.17066910299018348
f4,0.1438321765203306
f5,0.2016397942574945
f6,0.15131341304958562
