feature,weight
f0,0.08317356364347268
f1,0.12318566538193539
f2,0.11635993758197438
f3,0.17335274983822327
f4,0.14623821349459912
f5,0.20359693945520554
f6,0.15409293060458965
