feature,weight
f0,0.10590496125549527
f1,0.11440589462224758
f2,0.12156366051389211
f3,0.17187286919830674
f4,0.13483624269254105
f5,0.1923795471260385
f6,0.15903682459147883
