feature,weight
f0,0.08773752200757615
f1,0.1262714773332855
f2,0.11836250556944578
f3,0.17054946045913585
f4,0.14375078414706555
f5,0.20032973217280906
f6,0.15299851831068215
