feature,weight
f0,0.08503647195171417
f1,0.12433376809575851
f2,0.11492463319667891
f3,0.1725143713247978
f4,0.14540186570328917
f5,0.20430782553506968
f6,0.15348106419269164
