feature,weight
f0,0.0848587413032098
f1,0.1285693766786995
f2,0.11948318508688263
f3,0.17084515348698603
f4,0.14368735853857736
f5,0.20031262799594154
f6,0.15224355690970306
