,reward,episode_len
0,-63.565679773688316,241
1,-57.9698395319283,241
2,-58.42440029978752,241
3,-55.011599864810705,241
4,-63.60264033079147,241
5,-78.10272014141083,242
