feature,r_ft
f0,0.15228792491189427
f1,-0.23034124963014044
f2,-0.13905524502962902
f3,-0.15624103372951786
f4,-0.020441891638456493
