feature,r_ft
f0,0.07395835173775804
f1,-0.1634964250869744
f2,-0.10777767357557042
f3,-0.054098992421131385
f4,-0.024838361086765706
