feature,r_ft
f0,0.07284238675498911
f1,-0.15992712656018693
f2,-0.09772538512439027
f3,-0.04920166136269404
f4,-0.025554359032452116
