feature,r_ft
f0,0.0694039898491799
f1,-0.16584346878960077
f2,-0.11468038050343778
f3,-0.061645337234471416
f4,-0.026032342537096367
