feature,r_ft
f0,0.0640528188583003
f1,-0.1726875148659076
f2,-0.11969344276573257
f3,-0.0810355405453719
f4,-0.02482021521897904
