feature,r_ft
f0,0.06683154137559238
f1,-0.17395957461784614
f2,-0.11689874788566791
f3,-0.0891867402819801
f4,-0.023995096436605783
