feature,r_ft
f0,0.07291155276749527
f1,-0.16162261047543755
f2,-0.10202103080572202
f3,-0.051878617611631976
f4,-0.025499032445761374
