feature,r_ft
f0,0.06677141863902951
f1,-0.16833709935923835
f2,-0.12008647753005831
f3,-0.06721590749397371
f4,-0.027435492582988122
