feature,r_ft
f0,0.07581160546915759
f1,-0.17977419144873735
f2,-0.11589374101445495
f3,-0.10197269950816246
f4,-0.021731339420314306
