feature,r_ft
f0,0.06613401699868972
f1,-0.17034977524958114
f2,-0.12256329068545062
f3,-0.07054377661387376
f4,-0.026465560325228114
