feature,r_ft
f0,0.10579451761967042
f1,-0.22071164000691545
f2,-0.13334238613157803
f3,-0.15672879702007986
f4,-0.021693299323024044
