feature,r_ft
f0,0.0963000617578248
f1,-0.1896585254630913
f2,-0.11997378557505955
f3,-0.12226083137250622
f4,-0.020839833469883863
