feature,r_ft
f0,0.06331536563626965
f1,-0.17313034051242693
f2,-0.12572508544739067
f3,-0.07634272848753976
f4,-0.024708062887139604
