feature,r_ft
f0,0.07159961616730119
f1,-0.16501020597175775
f2,-0.11290430899210672
f3,-0.05777478498576435
f4,-0.025164717778263037
