rank,idx,feature,weight
1,3,f3,0.260391028559125
2,0,f0,0.23224730647091124
3,4,f4,0.1809735239915459
4,1,f1,0.16355399224171038
5,2,f2,0.16283414873670746
