feature,weight
f0,0.23072648619203548
f1,0.16219392445711392
f2,0.16517874550648598
f3,0.2582083419464024
f4,0.18369250189796213
