feature,weight
f0,0.22791875862102523
f1,0.16000433559489424
f2,0.16931986102613447
f3,0.25814520471246666
f4,0.18461184004547931
