rank,idx,feature,weight
1,3,f3,0.2706044921540068
2,0,f0,0.2242607001980999
3,4,f4,0.18283732120282167
4,2,f2,0.16442147110524652
5,1,f1,0.1578760153398251
