rank,idx,feature,weight
1,3,f3,0.2580615093650126
2,0,f0,0.22932411595054525
3,4,f4,0.18459717198410341
4,2,f2,0.1669707578052324
5,1,f1,0.16104644489510628
