rank,idx,feature,weight
1,3,f3,0.273909635577411
2,0,f0,0.22551212756493486
3,4,f4,0.18335158951248798
4,2,f2,0.15980683590736047
5,1,f1,0.1574198114378057
