feature,weight
f0,0.22932411595054525
f1,0.16104644489510628
f2,0.1669707578052324
f3,0.2580615093650126
f4,0.18459717198410341
