feature,weight
f0,0.23417816295452967
f1,0.1641283010085333
f2,0.1502997981805674
f3,0.2581217990287127
f4,0.193271938827657
