feature,weight
f0,0.22844134572567573
f1,0.18136556943703377
f2,0.1477217157215408
f3,0.2514261918597666
f4,0.19104517725598308
