rank,idx,feature,weight
1,3,f3,0.26122245433212266
2,0,f0,0.23288074041806575
3,4,f4,0.17435204843481317
4,1,f1,0.16757791727707494
5,2,f2,0.1639668395379236
