feature,weight
f0,0.23224730647091124
f1,0.16355399224171038
f2,0.16283414873670746
f3,0.260391028559125
f4,0.1809735239915459
