rank,idx,feature,weight
1,3,f3,0.2581217990287127
2,0,f0,0.23417816295452967
3,4,f4,0.193271938827657
4,1,f1,0.1641283010085333
5,2,f2,0.1502997981805674
