rank,idx,feature,weight
1,3,f3,0.26314873005837625
2,0,f0,0.22423373420822285
3,4,f4,0.18439599314483526
4,2,f2,0.1711904867310905
5,1,f1,0.15703105585747526
