rank,idx,feature,weight
1,3,f3,0.26139226224732076
2,0,f0,0.23275694744787007
3,4,f4,0.17812966508875885
4,1,f1,0.1641669936653816
5,2,f2,0.16355413155066859
