feature,weight
f0,0.22423373420822285
f1,0.15703105585747526
f2,0.1711904867310905
f3,0.26314873005837625
f4,0.18439599314483526
