feature,weight
f0,0.22551212756493486
f1,0.1574198114378057
f2,0.15980683590736047
f3,0.273909635577411
f4,0.18335158951248798
