rank,idx,feature,weight
1,3,f3,0.2514261918597666
2,0,f0,0.22844134572567573
3,4,f4,0.19104517725598308
4,1,f1,0.18136556943703377
5,2,f2,0.1477217157215408
