rank,idx,feature,weight
1,3,f3,0.2673064748919484
2,0,f0,0.22435923272562835
3,4,f4,0.18313369799249207
4,2,f2,0.16808522715310295
5,1,f1,0.15711536723682817
