rank,idx,feature,weight
1,3,f3,0.2582083419464024
2,0,f0,0.23072648619203548
3,4,f4,0.18369250189796213
4,2,f2,0.16517874550648598
5,1,f1,0.16219392445711392
