rank,idx,feature,weight
1,3,f3,0.25814520471246666
2,0,f0,0.22791875862102523
3,4,f4,0.18461184004547931
4,2,f2,0.16931986102613447
5,1,f1,0.16000433559489424
