rank,idx,feature,weight
1,3,f3,0.2604703628221127
2,0,f0,0.22592042519811062
3,4,f4,0.18460967537472087
4,2,f2,0.17045132492176474
5,1,f1,0.15854821168329103
