rank,idx,feature,weight
1,3,f3,0.2688145047433961
2,0,f0,0.23010918551608137
3,4,f4,0.18849883456292552
4,2,f2,0.15731743851779262
5,1,f1,0.15526003665980448
