feature,weight
f0,0.22435923272562835
f1,0.15711536723682817
f2,0.16808522715310295
f3,0.2673064748919484
f4,0.18313369799249207
