feature,weight
f0,0.2242607001980999
f1,0.1578760153398251
f2,0.16442147110524652
f3,0.2706044921540068
f4,0.18283732120282167
