feature,weight
f0,0.22592042519811062
f1,0.15854821168329103
f2,0.17045132492176474
f3,0.2604703628221127
f4,0.18460967537472087
