feature,weight
f0,0.23010918551608137
f1,0.15526003665980448
f2,0.15731743851779262
f3,0.2688145047433961
f4,0.18849883456292552
