feature,weight
f0,0.23288074041806575
f1,0.16757791727707494
f2,0.1639668395379236
f3,0.26122245433212266
f4,0.17435204843481317
