feature,weight
f0,0.23275694744787007
f1,0.1641669936653816
f2,0.16355413155066859
f3,0.26139226224732076
f4,0.17812966508875885
