feature,r_ft
f0,0.04107293336726011
f1,-0.1725666272477569
f2,-0.08672937448467648
f3,-0.011590568523103556
f4,-0.002949121728352889
f5,-0.06842856447029912
f6,-0.02933148273486169
