feature,r_ft
f0,0.044217110970717684
f1,-0.18228538419226278
f2,-0.1014277012272922
f3,-0.014069139663557198
f4,-0.0033117949177707256
f5,-0.0796977877591862
f6,-0.027331533009729667
