feature,r_ft
f0,0.041597762430434525
f1,-0.16487924468670226
f2,-0.07618892955550953
f3,-0.009051979873411222
f4,-0.0030016098740345623
f5,-0.06009183342385571
f6,-0.028458267308695953
