feature,r_ft
f0,0.14039253536169258
f1,-0.29733966787746563
f2,-0.17146212362282115
f3,-0.05628533888095394
f4,-0.004578306672145197
f5,-0.1933724331404421
f6,-0.023485630570706396
