feature,r_ft
f0,0.19122632496870023
f1,-0.3120161723586785
f2,-0.17911590681317147
f3,-0.06616573026509374
f4,-0.012224749363222936
f5,-0.1807307931385917
f6,-0.024890660795023646
