feature,r_ft
f0,0.05922588100956857
f1,-0.19553140673051186
f2,-0.11831662233688736
f3,-0.0216089478734544
f4,-0.0030110007480774487
f5,-0.10043174927054946
f6,-0.02501479471224683
