feature,r_ft
f0,0.10417612183964005
f1,-0.22979424029799692
f2,-0.1393792889758901
f3,-0.03394708328120109
f4,-0.005363693746128432
f5,-0.1342988941553553
f6,-0.02446944288958682
