feature,r_ft
f0,0.05191208234778176
f1,-0.19024863977066914
f2,-0.11361683995083413
f3,-0.017650659738521323
f4,-0.0030346973899894485
f5,-0.09158686662444095
f6,-0.02524468676872721
