feature,r_ft
f0,0.043710975713310035
f1,-0.16268769670268535
f2,-0.072404752781525
f3,-0.008255373320988756
f4,-0.0017753670260527371
f5,-0.05775887782674592
f6,-0.029482554504077024
