feature,r_ft
f0,0.03844124832232602
f1,-0.1677523673050881
f2,-0.07956878478423976
f3,-0.010174097989416233
f4,-0.0027695860182958398
f5,-0.06407517078034455
f6,-0.029808732298649193
