feature,r_ft
f0,0.071785586694203
f1,-0.2068385482095206
f2,-0.12593072367754224
f3,-0.02441411215492865
f4,-0.0026866394993258114
f5,-0.11441151259011423
f6,-0.026233275937679993
