feature,r_ft
f0,0.04712337704624512
f1,-0.1852530089459336
f2,-0.1073162184412979
f3,-0.0159927334352725
f4,-0.003821876100369323
f5,-0.08408046587502027
f6,-0.025989445408720186
