feature,r_ft
f0,0.040967755112064456
f1,-0.17776058585656357
f2,-0.09402884643562039
f3,-0.01309988230833207
f4,-0.004313635271037132
f5,-0.07470193141377234
f6,-0.02935254092684204
