feature,weight
f0,0.08779120237332931
f1,0.12700904935442886
f2,0.11677381708204501
f3,0.17428596504085658
f4,0.14779727077408827
f5,0.19458345483154393
f6,0.15175924054370796
