feature,weight
f0,0.10393911626426158
f1,0.11791573670047518
f2,0.11681972553815767
f3,0.1699387721082949
f4,0.1407968050851531
f5,0.1975520229069394
f6,0.15303782139671807
