feature,weight
f0,0.0906536381061275
f1,0.1184123052902958
f2,0.11513030835229261
f3,0.1701431231917479
f4,0.14897580043080907
f5,0.20342545948867313
f6,0.1532593651400541
