feature,weight
f0,0.08508760926633543
f1,0.124318131012282
f2,0.11528490346305187
f3,0.1730567221448017
f4,0.14851835654012652
f5,0.20273787044742045
f6,0.150996407125982
