feature,weight
f0,0.08506502221311356
f1,0.12142864803732734
f2,0.11477431663628673
f3,0.17185876036089082
f4,0.1499084180577697
f5,0.204438483719454
f6,0.15252635097515782
