feature,weight
f0,0.10458717188760734
f1,0.11818272194147154
f2,0.11624530681333928
f3,0.17626518325155993
f4,0.13874107688160792
f5,0.19011438654802554
f6,0.1558641526763885
