feature,weight
f0,0.08648708587741034
f1,0.12624941162294095
f2,0.11618866659864337
f3,0.17434237115164183
f4,0.14739695415457107
f5,0.19921470646333847
f6,0.15012080413145398
