feature,weight
f0,0.0837582620141503
f1,0.1307150140561257
f2,0.11951769547841078
f3,0.1794742568573158
f4,0.14662879866393436
f5,0.19268220448387913
f6,0.147223768446184
