feature,weight
f0,0.08069525892905723
f1,0.13348782248738797
f2,0.12049429992242344
f3,0.18054055391520843
f4,0.14693726643514957
f5,0.18931807908658965
f6,0.14852671922418373
