feature,weight
f0,0.08688436881951678
f1,0.12874348788394863
f2,0.11845955460801956
f3,0.17877411634037985
f4,0.1462424082121192
f5,0.19329346720842366
f6,0.14760259692759242
