feature,weight
f0,0.08751775675421332
f1,0.12824867607506235
f2,0.11816929059980377
f3,0.17589312022057166
f4,0.14628678744027973
f5,0.18777098718905397
f6,0.15611338172101513
