feature,weight
f0,0.08239438631027758
f1,0.13174927717290671
f2,0.11972085411387924
f3,0.18065119280308062
f4,0.14694089645007102
f5,0.1906535603858634
f6,0.14788983276392148
