feature,weight
f0,0.07817603026863593
f1,0.13554065068789842
f2,0.12130189552204608
f3,0.18203424345322777
f4,0.14763606330958592
f5,0.18706316513235202
f6,0.14824795162625393
