feature,weight
f0,0.07995651420287261
f1,0.13480677117758602
f2,0.12090298274694339
f3,0.18036430561292327
f4,0.14698236413330718
f5,0.18813651460105896
f6,0.14885054752530857
