rank,idx,feature,r_ft,abs_r_ft
1,1,f1,-0.30508816764418806,0.30508816764418806
2,0,f0,0.19305958103686824,0.19305958103686824
3,2,f2,-0.1561969402717405,0.1561969402717405
