rank,idx,feature,r_ft,abs_r_ft
1,1,f1,-0.2211455359356561,0.2211455359356561
2,0,f0,0.1161436428656768,0.1161436428656768
3,2,f2,-0.0860508651698596,0.0860508651698596
