rank,idx,feature,r_ft,abs_r_ft
1,1,f1,-0.27012157709487367,0.27012157709487367
2,0,f0,0.1570594006981739,0.1570594006981739
3,2,f2,-0.13230686978855336,0.13230686978855336
