rank,idx,feature,r_ft,abs_r_ft
1,1,f1,-0.37760629550436015,0.37760629550436015
2,0,f0,0.2773101720639782,0.2773101720639782
3,2,f2,-0.1864298951052745,0.1864298951052745
