rank,idx,feature,r_ft,abs_r_ft
1,1,f1,-0.23394783046282164,0.23394783046282164
2,0,f0,0.12400307469688503,0.12400307469688503
3,2,f2,-0.09769176699278147,0.09769176699278147
