rank,idx,feature,r_ft,abs_r_ft
1,1,f1,-0.19992929973342927,0.19992929973342927
2,0,f0,0.10391920892213728,0.10391920892213728
3,2,f2,-0.06715384848031451,0.06715384848031451
