rank,idx,feature,r_ft,abs_r_ft
1,1,f1,-0.19031601353348676,0.19031601353348676
2,0,f0,0.10024552337081824,0.10024552337081824
3,2,f2,-0.05745155676655789,0.05745155676655789
