rank,idx,feature,r_ft,abs_r_ft
1,1,f1,-0.19555142873595685,0.19555142873595685
2,0,f0,0.10352840324046594,0.10352840324046594
3,2,f2,-0.06427451622416079,0.06427451622416079
