rank,idx,feature,r_ft,abs_r_ft
1,1,f1,-0.19190318058454284,0.19190318058454284
2,0,f0,0.10164955300355016,0.10164955300355016
3,2,f2,-0.060192235980212616,0.060192235980212616
