rank,idx,feature,r_ft,abs_r_ft
1,1,f1,-0.21230187203748496,0.21230187203748496
2,0,f0,0.11139205359706927,0.11139205359706927
3,2,f2,-0.07838069851067293,0.07838069851067293
