rank,idx,feature,r_ft,abs_r_ft
1,1,f1,-0.38911430569336286,0.38911430569336286
2,2,f2,-0.18489486531066435,0.18489486531066435
3,0,f0,0.18309659066110148,0.18309659066110148
