rank,idx,feature,r_ft,abs_r_ft
1,1,f1,-0.2501680086741748,0.2501680086741748
2,0,f0,0.1344518743188133,0.1344518743188133
3,2,f2,-0.11383522006794085,0.11383522006794085
