rank,idx,feature,r_ft,abs_r_ft
1,1,f1,-0.20487720458378114,0.20487720458378114
2,0,f0,0.10659361733944289,0.10659361733944289
3,2,f2,-0.0718958300995075,0.0718958300995075
