rank,idx,feature,r_ft,abs_r_ft
1,1,f1,-0.18980786198150043,0.18980786198150043
2,0,f0,0.10077872855701765,0.10077872855701765
3,2,f2,-0.055360593691014155,0.055360593691014155
