feature,r_ft
f0,0.10391920892213728
f1,-0.19992929973342927
f2,-0.06715384848031451
