feature,r_ft
f0,0.12400307469688503
f1,-0.23394783046282164
f2,-0.09769176699278147
