feature,r_ft
f0,0.19305958103686824
f1,-0.30508816764418806
f2,-0.1561969402717405
