feature,r_ft
f0,0.10352840324046594
f1,-0.19555142873595685
f2,-0.06427451622416079
