feature,r_ft
f0,0.1570594006981739
f1,-0.27012157709487367
f2,-0.13230686978855336
