feature,r_ft
f0,0.1344518743188133
f1,-0.2501680086741748
f2,-0.11383522006794085
