feature,r_ft
f0,0.2773101720639782
f1,-0.37760629550436015
f2,-0.1864298951052745
