feature,r_ft
f0,0.10164955300355016
f1,-0.19190318058454284
f2,-0.060192235980212616
