feature,r_ft
f0,0.10077872855701765
f1,-0.18980786198150043
f2,-0.055360593691014155
