feature,r_ft
f0,0.18309659066110148
f1,-0.38911430569336286
f2,-0.18489486531066435
