feature,r_ft
f0,0.10659361733944289
f1,-0.20487720458378114
f2,-0.0718958300995075
