feature,r_ft
f0,0.10024552337081824
f1,-0.19031601353348676
f2,-0.05745155676655789
