feature,r_ft
f0,0.1161436428656768
f1,-0.2211455359356561
f2,-0.0860508651698596
