feature,r_ft
f0,0.11139205359706927
f1,-0.21230187203748496
f2,-0.07838069851067293
