feature,weight
f0,0.3333333333333333
f1,0.3333333333333333
f2,0.3333333333333333
