rank,idx,feature,weight
1,0,f0,0.3333333333333333
2,1,f1,0.3333333333333333
3,2,f2,0.3333333333333333
