rank,idx,feature,r_ft,abs_r_ft
1,0,f0,0.048475004506528085,0.048475004506528085
2,1,f1,-0.02191667740530718,0.02191667740530718
3,5,f5,-0.014554405720112943,0.014554405720112943
4,3,f3,-0.006855435148950763,0.006855435148950763
5,6,f6,-0.006668986735217484,0.006668986735217484
6,4,f4,0.004670333211097389,0.004670333211097389
7,2,f2,0.001904544591487878,0.001904544591487878
