feature,r_ft
f0,0.05953682552048438
f1,-0.024063528441663807
f2,0.0009640463915156856
f3,-0.012094797936462762
f4,0.004464711623633092
f5,-0.015292122637468788
f6,-0.005713158912982666
