feature,r_ft
f0,0.05405516259450374
f1,-0.019480427857873187
f2,0.004436561118338646
f3,-0.010045378917466753
f4,0.004110779295722759
f5,-0.005676862821531492
f6,0.000442167958033603
