feature,r_ft
f0,0.0794886082282831
f1,-0.02792112494121031
f2,0.005477761146194858
f3,-0.009142279943147816
f4,0.0034664168427414824
f5,-0.015917868068912776
f6,-0.018082962268854013
