feature,r_ft
f0,0.1940878236642606
f1,-0.06916290617512912
f2,-0.0021041928211941487
f3,-0.007569595439007442
f4,0.008263842526684322
f5,-0.027757784113990012
f6,-0.031176359827147428
