feature,r_ft
f0,0.055030497921463306
f1,-0.02286044511407675
f2,0.002228579533923726
f3,-0.010874905716797542
f4,0.0041910332590182585
f5,-0.010292463050782836
f6,-0.0038799102885157637
