feature,r_ft
f0,0.05829305506383692
f1,-0.022906618910410983
f2,0.004003772909702176
f3,-0.010889363499017238
f4,0.003967846531820759
f5,-0.009074139773580884
f6,-0.003623540092574973
