feature,r_ft
f0,0.048475004506528085
f1,-0.02191667740530718
f2,0.001904544591487878
f3,-0.006855435148950763
f4,0.004670333211097389
f5,-0.014554405720112943
f6,-0.006668986735217484
