feature,r_ft
f0,0.04943146210967237
f1,-0.02138820565138326
f2,0.002154826357160981
f3,-0.007997767914700287
f4,0.004558860416444512
f5,-0.014379634914131838
f6,-0.0064273025543499195
