feature,r_ft
f0,0.12158093634021935
f1,-0.04942660881282086
f2,-0.0001809993272022116
f3,-0.004698719800085235
f4,0.007220946576478921
f5,-0.02448589173450019
f6,-0.021670756456291355
