feature,r_ft
f0,0.06436257155079494
f1,-0.029540188604888624
f2,0.00240188804324339
f3,-0.010806984228425165
f4,0.0036601300607895402
f5,-0.012119979581115284
f6,-0.0036836921170671543
