feature,r_ft
f0,0.05320958669325972
f1,-0.022845056810556
f2,0.001359266888292739
f3,-0.012267640396367682
f4,0.004505901386827751
f5,-0.01592003882284996
f6,-0.007050941743713709
