feature,r_ft
f0,0.09594684183194853
f1,-0.03438345494741212
f2,0.003247558341548766
f3,-0.00854519053752889
f4,0.004660787462096525
f5,-0.018772570043154087
f6,-0.019667213426571174
