feature,r_ft
f0,0.07350138900218559
f1,-0.03295022941863701
f2,0.0006273415445011548
f3,-0.012117532462706292
f4,0.003434674157829062
f5,-0.014421186898659493
f6,-0.008131234806183637
