feature,r_ft
f0,0.05370943845247807
f1,-0.0209564181384439
f2,0.0031333687280773377
f3,-0.011920211131151045
f4,0.00434644013730826
f5,-0.01176568137070183
f6,-0.003697414484109017
