feature,weight
f0,0.08339916808753237
f1,0.1259874711128977
f2,0.12254965787728483
f3,0.17671122596887076
f4,0.14721792320281663
f5,0.19367857620534631
f6,0.15045597754525153
