feature,weight
f0,0.1022259930932492
f1,0.11492571526961293
f2,0.11869594432970007
f3,0.17344303011983245
f4,0.136769742043329
f5,0.1948262272785364
f6,0.1591133478657399
