feature,weight
f0,0.07758946148241838
f1,0.129967633501418
f2,0.12454590555111847
f3,0.17638150254979704
f4,0.1456695402260099
f5,0.19390944341518146
f6,0.15193651327405672
