feature,weight
f0,0.08849959458129598
f1,0.12430450550024653
f2,0.12095389851863061
f3,0.17787705681724397
f4,0.1460707506978237
f5,0.1914008801110154
f6,0.15089331377374368
