feature,weight
f0,0.09465954348518583
f1,0.1169610719684665
f2,0.12122402544617297
f3,0.17477194341769337
f4,0.15235517134466087
f5,0.1871517506860202
f6,0.1528764936518003
