feature,weight
f0,0.08118091996673252
f1,0.1275946354438249
f2,0.12408520390091692
f3,0.17492903795191128
f4,0.1470459676807053
f5,0.1924803689495525
f6,0.1526838661063566
