feature,weight
f0,0.09712256592058191
f1,0.11725003442893396
f2,0.113751694553466
f3,0.17792769904911476
f4,0.14074297471861064
f5,0.1966382375116222
f6,0.15656679381767058
