feature,weight
f0,0.0915562215633601
f1,0.11704995364313403
f2,0.1095541372188783
f3,0.1868559465431458
f4,0.149211139196779
f5,0.1975276933112886
f6,0.14824490852341418
