feature,weight
f0,0.09158691596190946
f1,0.11756178522599789
f2,0.10838497674166978
f3,0.1841236115130934
f4,0.14707272668678095
f5,0.20124352123527875
f6,0.15002646263526978
