feature,weight
f0,0.07345022866284083
f1,0.13114299229097945
f2,0.12707989271183226
f3,0.17265322397599722
f4,0.14755015537033322
f5,0.19170874619429254
f6,0.15641476079372452
