feature,weight
f0,0.08012787824458541
f1,0.12896870631400417
f2,0.12425268669523949
f3,0.17540363690388686
f4,0.1461000890703689
f5,0.1923411190838177
f6,0.15280588368809742
