feature,weight
f0,0.0928601764852832
f1,0.11872702540882656
f2,0.11277701740095847
f3,0.18559559392923772
f4,0.1454105212981473
f5,0.1960050526096979
f6,0.14862461286784892
