feature,weight
f0,0.07606877251173212
f1,0.13057081506440435
f2,0.12577548034742095
f3,0.17422248290482875
f4,0.1463512587025685
f5,0.19303857589207463
f6,0.15397261457697084
