feature,weight
f0,0.09062768919173043
f1,0.12193012759182001
f2,0.12075347958010652
f3,0.1722145684906602
f4,0.1520986220356542
f5,0.1868108150117826
f6,0.15556469809824602
